train_lang,fr,it,de,tr,sr
fr,0.982125,0.929236,0.869214,0.737333,0.855354
it,0.939285,0.980992,0.904715,0.759692,0.903686
de,0.850524,0.862190,0.967827,0.735590,0.879695
tr,0.614650,0.630785,0.691094,0.908103,0.661501
sr,0.773988,0.759711,0.840740,0.710872,0.987829